ISIS,name,Sequence,5-Methyl_Location,Modification,Location,Chemical_Pattern,Linkage,Linkage_Location,Inhibition(%)
162,Region B,GTTACTGCCTTCTTAC,4?7?8?11?15/else,LNA/deoxy,0?11?12?13?14?15/else,LddddddddddLLLLL,phosphorothioate,else,83.3
89,Region B,GTTACTGCCTTCTTAC,4?7?8?11?15/else,LNA/deoxy,0?11?12?13?15/else,LddddddddddLLLdL,phosphorothioate,else,79.7
90,Region B,GTTACTGCCTTCTTAC,4?7?8?11?15/else,LNA/deoxy,0?11?12?14?15/else,LddddddddddLLdLL,phosphorothioate,else,73.1
31,Region B,GTTACTGCCTTCTTAC,4?7?8?11?15/else,LNA/deoxy,0?11?12?15/else,LddddddddddLLddL,phosphorothioate,else,62.8
91,Region B,GTTACTGCCTTCTTAC,4?7?8?11?15/else,LNA/deoxy,0?11?13?14?15/else,LddddddddddLdLLL,phosphorothioate,else,64.5
32,Region B,GTTACTGCCTTCTTAC,4?7?8?11?15/else,LNA/deoxy,0?11?13?15/else,LddddddddddLdLdL,phosphorothioate,else,62.9
33,Region B,GTTACTGCCTTCTTAC,4?7?8?11?15/else,LNA/deoxy,0?11?14?15/else,LddddddddddLddLL,phosphorothioate,else,49
5,Region B,GTTACTGCCTTCTTAC,4?7?8?11?15/else,LNA/deoxy,0?11?15/else,LddddddddddLdddL,phosphorothioate,else,53.8
92,Region B,GTTACTGCCTTCTTAC,4?7?8?11?15/else,LNA/deoxy,0?12?13?14?15/else,LdddddddddddLLLL,phosphorothioate,else,63
34,Region B,GTTACTGCCTTCTTAC,4?7?8?11?15/else,LNA/deoxy,0?12?13?15/else,LdddddddddddLLdL,phosphorothioate,else,72
35,Region B,GTTACTGCCTTCTTAC,4?7?8?11?15/else,LNA/deoxy,0?12?14?15/else,LdddddddddddLdLL,phosphorothioate,else,59.9
6,Region B,GTTACTGCCTTCTTAC,4?7?8?11?15/else,LNA/deoxy,0?12?15/else,LdddddddddddLddL,phosphorothioate,else,51.9
36,Region B,GTTACTGCCTTCTTAC,4?7?8?11?15/else,LNA/deoxy,0?13?14?15/else,LddddddddddddLLL,phosphorothioate,else,45.4
7,Region B,GTTACTGCCTTCTTAC,4?7?8?11?15/else,LNA/deoxy,0?13?15/else,LddddddddddddLdL,phosphorothioate,else,58.6
8,Region B,GTTACTGCCTTCTTAC,4?7?8?11?15/else,LNA/deoxy,0?14?15/else,LdddddddddddddLL,phosphorothioate,else,39.6
0,Region B,GTTACTGCCTTCTTAC,4?7?8?11?15/else,LNA/deoxy,0?15/else,LddddddddddddddL,phosphorothioate,else,20.1
197,Region B,GTTACTGCCTTCTTAC,4?7?8?11?15/else,LNA/deoxy,0?1?11?12?13?14?15/else,LLdddddddddLLLLL,phosphorothioate,else,76.6
124,Region B,GTTACTGCCTTCTTAC,4?7?8?11?15/else,LNA/deoxy,0?1?11?12?13?15/else,LLdddddddddLLLdL,phosphorothioate,else,81.1
125,Region B,GTTACTGCCTTCTTAC,4?7?8?11?15/else,LNA/deoxy,0?1?11?12?14?15/else,LLdddddddddLLdLL,phosphorothioate,else,75.6
52,Region B,GTTACTGCCTTCTTAC,4?7?8?11?15/else,LNA/deoxy,0?1?11?12?15/else,LLdddddddddLLddL,phosphorothioate,else,73.1
126,Region B,GTTACTGCCTTCTTAC,4?7?8?11?15/else,LNA/deoxy,0?1?11?13?14?15/else,LLdddddddddLdLLL,phosphorothioate,else,65.6
53,Region B,GTTACTGCCTTCTTAC,4?7?8?11?15/else,LNA/deoxy,0?1?11?13?15/else,LLdddddddddLdLdL,phosphorothioate,else,69.7
54,Region B,GTTACTGCCTTCTTAC,4?7?8?11?15/else,LNA/deoxy,0?1?11?14?15/else,LLdddddddddLddLL,phosphorothioate,else,55.9
12,Region B,GTTACTGCCTTCTTAC,4?7?8?11?15/else,LNA/deoxy,0?1?11?15/else,LLdddddddddLdddL,phosphorothioate,else,53.7
127,Region B,GTTACTGCCTTCTTAC,4?7?8?11?15/else,LNA/deoxy,0?1?12?13?14?15/else,LLddddddddddLLLL,phosphorothioate,else,71.3
55,Region B,GTTACTGCCTTCTTAC,4?7?8?11?15/else,LNA/deoxy,0?1?12?13?15/else,LLddddddddddLLdL,phosphorothioate,else,66.6
56,Region B,GTTACTGCCTTCTTAC,4?7?8?11?15/else,LNA/deoxy,0?1?12?14?15/else,LLddddddddddLdLL,phosphorothioate,else,68.2
13,Region B,GTTACTGCCTTCTTAC,4?7?8?11?15/else,LNA/deoxy,0?1?12?15/else,LLddddddddddLddL,phosphorothioate,else,66.4
57,Region B,GTTACTGCCTTCTTAC,4?7?8?11?15/else,LNA/deoxy,0?1?13?14?15/else,LLdddddddddddLLL,phosphorothioate,else,61.4
14,Region B,GTTACTGCCTTCTTAC,4?7?8?11?15/else,LNA/deoxy,0?1?13?15/else,LLdddddddddddLdL,phosphorothioate,else,69.3
15,Region B,GTTACTGCCTTCTTAC,4?7?8?11?15/else,LNA/deoxy,0?1?14?15/else,LLddddddddddddLL,phosphorothioate,else,42.7
1,Region B,GTTACTGCCTTCTTAC,4?7?8?11?15/else,LNA/deoxy,0?1?15/else,LLdddddddddddddL,phosphorothioate,else,55.4
233,Region B,GTTACTGCCTTCTTAC,4?7?8?11?15/else,LNA/deoxy,0?1?2?11?12?13?14?15/else,LLLddddddddLLLLL,phosphorothioate,else,67.6
179,Region B,GTTACTGCCTTCTTAC,4?7?8?11?15/else,LNA/deoxy,0?1?2?11?12?13?15/else,LLLddddddddLLLdL,phosphorothioate,else,73.9
180,Region B,GTTACTGCCTTCTTAC,4?7?8?11?15/else,LNA/deoxy,0?1?2?11?12?14?15/else,LLLddddddddLLdLL,phosphorothioate,else,65.2
102,Region B,GTTACTGCCTTCTTAC,4?7?8?11?15/else,LNA/deoxy,0?1?2?11?12?15/else,LLLddddddddLLddL,phosphorothioate,else,74
181,Region B,GTTACTGCCTTCTTAC,4?7?8?11?15/else,LNA/deoxy,0?1?2?11?13?14?15/else,LLLddddddddLdLLL,phosphorothioate,else,64.3
103,Region B,GTTACTGCCTTCTTAC,4?7?8?11?15/else,LNA/deoxy,0?1?2?11?13?15/else,LLLddddddddLdLdL,phosphorothioate,else,76.5
104,Region B,GTTACTGCCTTCTTAC,4?7?8?11?15/else,LNA/deoxy,0?1?2?11?14?15/else,LLLddddddddLddLL,phosphorothioate,else,73.4
39,Region B,GTTACTGCCTTCTTAC,4?7?8?11?15/else,LNA/deoxy,0?1?2?11?15/else,LLLddddddddLdddL,phosphorothioate,else,75.8
182,Region B,GTTACTGCCTTCTTAC,4?7?8?11?15/else,LNA/deoxy,0?1?2?12?13?14?15/else,LLLdddddddddLLLL,phosphorothioate,else,55.9
105,Region B,GTTACTGCCTTCTTAC,4?7?8?11?15/else,LNA/deoxy,0?1?2?12?13?15/else,LLLdddddddddLLdL,phosphorothioate,else,74.2
106,Region B,GTTACTGCCTTCTTAC,4?7?8?11?15/else,LNA/deoxy,0?1?2?12?14?15/else,LLLdddddddddLdLL,phosphorothioate,else,72.9
40,Region B,GTTACTGCCTTCTTAC,4?7?8?11?15/else,LNA/deoxy,0?1?2?12?15/else,LLLdddddddddLddL,phosphorothioate,else,74.5
107,Region B,GTTACTGCCTTCTTAC,4?7?8?11?15/else,LNA/deoxy,0?1?2?13?14?15/else,LLLddddddddddLLL,phosphorothioate,else,67.3
41,Region B,GTTACTGCCTTCTTAC,4?7?8?11?15/else,LNA/deoxy,0?1?2?13?15/else,LLLddddddddddLdL,phosphorothioate,else,78.6
42,Region B,GTTACTGCCTTCTTAC,4?7?8?11?15/else,LNA/deoxy,0?1?2?14?15/else,LLLdddddddddddLL,phosphorothioate,else,76.7
9,Region B,GTTACTGCCTTCTTAC,4?7?8?11?15/else,LNA/deoxy,0?1?2?15/else,LLLddddddddddddL,phosphorothioate,else,80.3
251,Region B,GTTACTGCCTTCTTAC,4?7?8?11?15/else,LNA/deoxy,0?1?2?3?11?12?13?14?15/else,LLLLdddddddLLLLL,phosphorothioate,else,54.5
225,Region B,GTTACTGCCTTCTTAC,4?7?8?11?15/else,LNA/deoxy,0?1?2?3?11?12?13?15/else,LLLLdddddddLLLdL,phosphorothioate,else,61.3
226,Region B,GTTACTGCCTTCTTAC,4?7?8?11?15/else,LNA/deoxy,0?1?2?3?11?12?14?15/else,LLLLdddddddLLdLL,phosphorothioate,else,56.5
167,Region B,GTTACTGCCTTCTTAC,4?7?8?11?15/else,LNA/deoxy,0?1?2?3?11?12?15/else,LLLLdddddddLLddL,phosphorothioate,else,51.3
227,Region B,GTTACTGCCTTCTTAC,4?7?8?11?15/else,LNA/deoxy,0?1?2?3?11?13?14?15/else,LLLLdddddddLdLLL,phosphorothioate,else,53.3
168,Region B,GTTACTGCCTTCTTAC,4?7?8?11?15/else,LNA/deoxy,0?1?2?3?11?13?15/else,LLLLdddddddLdLdL,phosphorothioate,else,65.6
169,Region B,GTTACTGCCTTCTTAC,4?7?8?11?15/else,LNA/deoxy,0?1?2?3?11?14?15/else,LLLLdddddddLddLL,phosphorothioate,else,63.4
94,Region B,GTTACTGCCTTCTTAC,4?7?8?11?15/else,LNA/deoxy,0?1?2?3?11?15/else,LLLLdddddddLdddL,phosphorothioate,else,67.5
228,Region B,GTTACTGCCTTCTTAC,4?7?8?11?15/else,LNA/deoxy,0?1?2?3?12?13?14?15/else,LLLLddddddddLLLL,phosphorothioate,else,61.5
170,Region B,GTTACTGCCTTCTTAC,4?7?8?11?15/else,LNA/deoxy,0?1?2?3?12?13?15/else,LLLLddddddddLLdL,phosphorothioate,else,66.8
171,Region B,GTTACTGCCTTCTTAC,4?7?8?11?15/else,LNA/deoxy,0?1?2?3?12?14?15/else,LLLLddddddddLdLL,phosphorothioate,else,62.6
95,Region B,GTTACTGCCTTCTTAC,4?7?8?11?15/else,LNA/deoxy,0?1?2?3?12?15/else,LLLLddddddddLddL,phosphorothioate,else,50.9
172,Region B,GTTACTGCCTTCTTAC,4?7?8?11?15/else,LNA/deoxy,0?1?2?3?13?14?15/else,LLLLdddddddddLLL,phosphorothioate,else,57
96,Region B,GTTACTGCCTTCTTAC,4?7?8?11?15/else,LNA/deoxy,0?1?2?3?13?15/else,LLLLdddddddddLdL,phosphorothioate,else,77
97,Region B,GTTACTGCCTTCTTAC,4?7?8?11?15/else,LNA/deoxy,0?1?2?3?14?15/else,LLLLddddddddddLL,phosphorothioate,else,61.8
37,Region B,GTTACTGCCTTCTTAC,4?7?8?11?15/else,LNA/deoxy,0?1?2?3?15/else,LLLLdddddddddddL,phosphorothioate,else,77.9
255,Region B,GTTACTGCCTTCTTAC,4?7?8?11?15/else,LNA/deoxy,0?1?2?3?4?11?12?13?14?15/else,LLLLLddddddLLLLL,phosphorothioate,else,40.1
247,Region B,GTTACTGCCTTCTTAC,4?7?8?11?15/else,LNA/deoxy,0?1?2?3?4?11?12?13?15/else,LLLLLddddddLLLdL,phosphorothioate,else,44.3
248,Region B,GTTACTGCCTTCTTAC,4?7?8?11?15/else,LNA/deoxy,0?1?2?3?4?11?12?14?15/else,LLLLLddddddLLdLL,phosphorothioate,else,45.9
219,Region B,GTTACTGCCTTCTTAC,4?7?8?11?15/else,LNA/deoxy,0?1?2?3?4?11?12?15/else,LLLLLddddddLLddL,phosphorothioate,else,39.9
249,Region B,GTTACTGCCTTCTTAC,4?7?8?11?15/else,LNA/deoxy,0?1?2?3?4?11?13?14?15/else,LLLLLddddddLdLLL,phosphorothioate,else,42.4
220,Region B,GTTACTGCCTTCTTAC,4?7?8?11?15/else,LNA/deoxy,0?1?2?3?4?11?13?15/else,LLLLLddddddLdLdL,phosphorothioate,else,42.2
221,Region B,GTTACTGCCTTCTTAC,4?7?8?11?15/else,LNA/deoxy,0?1?2?3?4?11?14?15/else,LLLLLddddddLddLL,phosphorothioate,else,44.8
163,Region B,GTTACTGCCTTCTTAC,4?7?8?11?15/else,LNA/deoxy,0?1?2?3?4?11?15/else,LLLLLddddddLdddL,phosphorothioate,else,41.8
250,Region B,GTTACTGCCTTCTTAC,4?7?8?11?15/else,LNA/deoxy,0?1?2?3?4?12?13?14?15/else,LLLLLdddddddLLLL,phosphorothioate,else,51.1
222,Region B,GTTACTGCCTTCTTAC,4?7?8?11?15/else,LNA/deoxy,0?1?2?3?4?12?13?15/else,LLLLLdddddddLLdL,phosphorothioate,else,48.3
223,Region B,GTTACTGCCTTCTTAC,4?7?8?11?15/else,LNA/deoxy,0?1?2?3?4?12?14?15/else,LLLLLdddddddLdLL,phosphorothioate,else,54.3
164,Region B,GTTACTGCCTTCTTAC,4?7?8?11?15/else,LNA/deoxy,0?1?2?3?4?12?15/else,LLLLLdddddddLddL,phosphorothioate,else,56.5
224,Region B,GTTACTGCCTTCTTAC,4?7?8?11?15/else,LNA/deoxy,0?1?2?3?4?13?14?15/else,LLLLLddddddddLLL,phosphorothioate,else,58.5
165,Region B,GTTACTGCCTTCTTAC,4?7?8?11?15/else,LNA/deoxy,0?1?2?3?4?13?15/else,LLLLLddddddddLdL,phosphorothioate,else,62.6
166,Region B,GTTACTGCCTTCTTAC,4?7?8?11?15/else,LNA/deoxy,0?1?2?3?4?14?15/else,LLLLLdddddddddLL,phosphorothioate,else,51.6
93,Region B,GTTACTGCCTTCTTAC,4?7?8?11?15/else,LNA/deoxy,0?1?2?3?4?15/else,LLLLLddddddddddL,phosphorothioate,else,54.2
252,Region B,GTTACTGCCTTCTTAC,4?7?8?11?15/else,LNA/deoxy,0?1?2?4?11?12?13?14?15/else,LLLdLddddddLLLLL,phosphorothioate,else,36.6
229,Region B,GTTACTGCCTTCTTAC,4?7?8?11?15/else,LNA/deoxy,0?1?2?4?11?12?13?15/else,LLLdLddddddLLLdL,phosphorothioate,else,43.8
230,Region B,GTTACTGCCTTCTTAC,4?7?8?11?15/else,LNA/deoxy,0?1?2?4?11?12?14?15/else,LLLdLddddddLLdLL,phosphorothioate,else,40.1
173,Region B,GTTACTGCCTTCTTAC,4?7?8?11?15/else,LNA/deoxy,0?1?2?4?11?12?15/else,LLLdLddddddLLddL,phosphorothioate,else,39.7
231,Region B,GTTACTGCCTTCTTAC,4?7?8?11?15/else,LNA/deoxy,0?1?2?4?11?13?14?15/else,LLLdLddddddLdLLL,phosphorothioate,else,41.2
174,Region B,GTTACTGCCTTCTTAC,4?7?8?11?15/else,LNA/deoxy,0?1?2?4?11?13?15/else,LLLdLddddddLdLdL,phosphorothioate,else,47
175,Region B,GTTACTGCCTTCTTAC,4?7?8?11?15/else,LNA/deoxy,0?1?2?4?11?14?15/else,LLLdLddddddLddLL,phosphorothioate,else,49.8
98,Region B,GTTACTGCCTTCTTAC,4?7?8?11?15/else,LNA/deoxy,0?1?2?4?11?15/else,LLLdLddddddLdddL,phosphorothioate,else,52.8
232,Region B,GTTACTGCCTTCTTAC,4?7?8?11?15/else,LNA/deoxy,0?1?2?4?12?13?14?15/else,LLLdLdddddddLLLL,phosphorothioate,else,51.4
176,Region B,GTTACTGCCTTCTTAC,4?7?8?11?15/else,LNA/deoxy,0?1?2?4?12?13?15/else,LLLdLdddddddLLdL,phosphorothioate,else,57.9
177,Region B,GTTACTGCCTTCTTAC,4?7?8?11?15/else,LNA/deoxy,0?1?2?4?12?14?15/else,LLLdLdddddddLdLL,phosphorothioate,else,52.1
99,Region B,GTTACTGCCTTCTTAC,4?7?8?11?15/else,LNA/deoxy,0?1?2?4?12?15/else,LLLdLdddddddLddL,phosphorothioate,else,51.8
178,Region B,GTTACTGCCTTCTTAC,4?7?8?11?15/else,LNA/deoxy,0?1?2?4?13?14?15/else,LLLdLddddddddLLL,phosphorothioate,else,51.4
100,Region B,GTTACTGCCTTCTTAC,4?7?8?11?15/else,LNA/deoxy,0?1?2?4?13?15/else,LLLdLddddddddLdL,phosphorothioate,else,69.1
101,Region B,GTTACTGCCTTCTTAC,4?7?8?11?15/else,LNA/deoxy,0?1?2?4?14?15/else,LLLdLdddddddddLL,phosphorothioate,else,69.2
38,Region B,GTTACTGCCTTCTTAC,4?7?8?11?15/else,LNA/deoxy,0?1?2?4?15/else,LLLdLddddddddddL,phosphorothioate,else,68.9
238,Region B,GTTACTGCCTTCTTAC,4?7?8?11?15/else,LNA/deoxy,0?1?3?11?12?13?14?15/else,LLdLdddddddLLLLL,phosphorothioate,else,55.9
189,Region B,GTTACTGCCTTCTTAC,4?7?8?11?15/else,LNA/deoxy,0?1?3?11?12?13?15/else,LLdLdddddddLLLdL,phosphorothioate,else,51.5
190,Region B,GTTACTGCCTTCTTAC,4?7?8?11?15/else,LNA/deoxy,0?1?3?11?12?14?15/else,LLdLdddddddLLdLL,phosphorothioate,else,36.6
112,Region B,GTTACTGCCTTCTTAC,4?7?8?11?15/else,LNA/deoxy,0?1?3?11?12?15/else,LLdLdddddddLLddL,phosphorothioate,else,62.6
191,Region B,GTTACTGCCTTCTTAC,4?7?8?11?15/else,LNA/deoxy,0?1?3?11?13?14?15/else,LLdLdddddddLdLLL,phosphorothioate,else,53.9
113,Region B,GTTACTGCCTTCTTAC,4?7?8?11?15/else,LNA/deoxy,0?1?3?11?13?15/else,LLdLdddddddLdLdL,phosphorothioate,else,65.4
114,Region B,GTTACTGCCTTCTTAC,4?7?8?11?15/else,LNA/deoxy,0?1?3?11?14?15/else,LLdLdddddddLddLL,phosphorothioate,else,65
44,Region B,GTTACTGCCTTCTTAC,4?7?8?11?15/else,LNA/deoxy,0?1?3?11?15/else,LLdLdddddddLdddL,phosphorothioate,else,64.3
192,Region B,GTTACTGCCTTCTTAC,4?7?8?11?15/else,LNA/deoxy,0?1?3?12?13?14?15/else,LLdLddddddddLLLL,phosphorothioate,else,66.7
115,Region B,GTTACTGCCTTCTTAC,4?7?8?11?15/else,LNA/deoxy,0?1?3?12?13?15/else,LLdLddddddddLLdL,phosphorothioate,else,70.6
116,Region B,GTTACTGCCTTCTTAC,4?7?8?11?15/else,LNA/deoxy,0?1?3?12?14?15/else,LLdLddddddddLdLL,phosphorothioate,else,69.6
45,Region B,GTTACTGCCTTCTTAC,4?7?8?11?15/else,LNA/deoxy,0?1?3?12?15/else,LLdLddddddddLddL,phosphorothioate,else,74.3
117,Region B,GTTACTGCCTTCTTAC,4?7?8?11?15/else,LNA/deoxy,0?1?3?13?14?15/else,LLdLdddddddddLLL,phosphorothioate,else,70.7
46,Region B,GTTACTGCCTTCTTAC,4?7?8?11?15/else,LNA/deoxy,0?1?3?13?15/else,LLdLdddddddddLdL,phosphorothioate,else,73.6
47,Region B,GTTACTGCCTTCTTAC,4?7?8?11?15/else,LNA/deoxy,0?1?3?14?15/else,LLdLddddddddddLL,phosphorothioate,else,76.8
10,Region B,GTTACTGCCTTCTTAC,4?7?8?11?15/else,LNA/deoxy,0?1?3?15/else,LLdLdddddddddddL,phosphorothioate,else,79
253,Region B,GTTACTGCCTTCTTAC,4?7?8?11?15/else,LNA/deoxy,0?1?3?4?11?12?13?14?15/else,LLdLLddddddLLLLL,phosphorothioate,else,43.2
234,Region B,GTTACTGCCTTCTTAC,4?7?8?11?15/else,LNA/deoxy,0?1?3?4?11?12?13?15/else,LLdLLddddddLLLdL,phosphorothioate,else,46.8
235,Region B,GTTACTGCCTTCTTAC,4?7?8?11?15/else,LNA/deoxy,0?1?3?4?11?12?14?15/else,LLdLLddddddLLdLL,phosphorothioate,else,40.3
183,Region B,GTTACTGCCTTCTTAC,4?7?8?11?15/else,LNA/deoxy,0?1?3?4?11?12?15/else,LLdLLddddddLLddL,phosphorothioate,else,51.9
236,Region B,GTTACTGCCTTCTTAC,4?7?8?11?15/else,LNA/deoxy,0?1?3?4?11?13?14?15/else,LLdLLddddddLdLLL,phosphorothioate,else,25.5
184,Region B,GTTACTGCCTTCTTAC,4?7?8?11?15/else,LNA/deoxy,0?1?3?4?11?13?15/else,LLdLLddddddLdLdL,phosphorothioate,else,54.8
185,Region B,GTTACTGCCTTCTTAC,4?7?8?11?15/else,LNA/deoxy,0?1?3?4?11?14?15/else,LLdLLddddddLddLL,phosphorothioate,else,56.7
108,Region B,GTTACTGCCTTCTTAC,4?7?8?11?15/else,LNA/deoxy,0?1?3?4?11?15/else,LLdLLddddddLdddL,phosphorothioate,else,58.1
237,Region B,GTTACTGCCTTCTTAC,4?7?8?11?15/else,LNA/deoxy,0?1?3?4?12?13?14?15/else,LLdLLdddddddLLLL,phosphorothioate,else,52.4
186,Region B,GTTACTGCCTTCTTAC,4?7?8?11?15/else,LNA/deoxy,0?1?3?4?12?13?15/else,LLdLLdddddddLLdL,phosphorothioate,else,59.9
187,Region B,GTTACTGCCTTCTTAC,4?7?8?11?15/else,LNA/deoxy,0?1?3?4?12?14?15/else,LLdLLdddddddLdLL,phosphorothioate,else,63
109,Region B,GTTACTGCCTTCTTAC,4?7?8?11?15/else,LNA/deoxy,0?1?3?4?12?15/else,LLdLLdddddddLddL,phosphorothioate,else,64.8
188,Region B,GTTACTGCCTTCTTAC,4?7?8?11?15/else,LNA/deoxy,0?1?3?4?13?14?15/else,LLdLLddddddddLLL,phosphorothioate,else,69.7
110,Region B,GTTACTGCCTTCTTAC,4?7?8?11?15/else,LNA/deoxy,0?1?3?4?13?15/else,LLdLLddddddddLdL,phosphorothioate,else,74.1
111,Region B,GTTACTGCCTTCTTAC,4?7?8?11?15/else,LNA/deoxy,0?1?3?4?14?15/else,LLdLLdddddddddLL,phosphorothioate,else,75
43,Region B,GTTACTGCCTTCTTAC,4?7?8?11?15/else,LNA/deoxy,0?1?3?4?15/else,LLdLLddddddddddL,phosphorothioate,else,74.6
239,Region B,GTTACTGCCTTCTTAC,4?7?8?11?15/else,LNA/deoxy,0?1?4?11?12?13?14?15/else,LLddLddddddLLLLL,phosphorothioate,else,45.6
193,Region B,GTTACTGCCTTCTTAC,4?7?8?11?15/else,LNA/deoxy,0?1?4?11?12?13?15/else,LLddLddddddLLLdL,phosphorothioate,else,48.7
194,Region B,GTTACTGCCTTCTTAC,4?7?8?11?15/else,LNA/deoxy,0?1?4?11?12?14?15/else,LLddLddddddLLdLL,phosphorothioate,else,47.5
118,Region B,GTTACTGCCTTCTTAC,4?7?8?11?15/else,LNA/deoxy,0?1?4?11?12?15/else,LLddLddddddLLddL,phosphorothioate,else,48.9
195,Region B,GTTACTGCCTTCTTAC,4?7?8?11?15/else,LNA/deoxy,0?1?4?11?13?14?15/else,LLddLddddddLdLLL,phosphorothioate,else,40.6
119,Region B,GTTACTGCCTTCTTAC,4?7?8?11?15/else,LNA/deoxy,0?1?4?11?13?15/else,LLddLddddddLdLdL,phosphorothioate,else,54.3
120,Region B,GTTACTGCCTTCTTAC,4?7?8?11?15/else,LNA/deoxy,0?1?4?11?14?15/else,LLddLddddddLddLL,phosphorothioate,else,54.8
48,Region B,GTTACTGCCTTCTTAC,4?7?8?11?15/else,LNA/deoxy,0?1?4?11?15/else,LLddLddddddLdddL,phosphorothioate,else,54.5
196,Region B,GTTACTGCCTTCTTAC,4?7?8?11?15/else,LNA/deoxy,0?1?4?12?13?14?15/else,LLddLdddddddLLLL,phosphorothioate,else,60.8
121,Region B,GTTACTGCCTTCTTAC,4?7?8?11?15/else,LNA/deoxy,0?1?4?12?13?15/else,LLddLdddddddLLdL,phosphorothioate,else,44.7
122,Region B,GTTACTGCCTTCTTAC,4?7?8?11?15/else,LNA/deoxy,0?1?4?12?14?15/else,LLddLdddddddLdLL,phosphorothioate,else,66
49,Region B,GTTACTGCCTTCTTAC,4?7?8?11?15/else,LNA/deoxy,0?1?4?12?15/else,LLddLdddddddLddL,phosphorothioate,else,65.6
123,Region B,GTTACTGCCTTCTTAC,4?7?8?11?15/else,LNA/deoxy,0?1?4?13?14?15/else,LLddLddddddddLLL,phosphorothioate,else,66.3
50,Region B,GTTACTGCCTTCTTAC,4?7?8?11?15/else,LNA/deoxy,0?1?4?13?15/else,LLddLddddddddLdL,phosphorothioate,else,67.2
51,Region B,GTTACTGCCTTCTTAC,4?7?8?11?15/else,LNA/deoxy,0?1?4?14?15/else,LLddLdddddddddLL,phosphorothioate,else,69.9
11,Region B,GTTACTGCCTTCTTAC,4?7?8?11?15/else,LNA/deoxy,0?1?4?15/else,LLddLddddddddddL,phosphorothioate,else,72
212,Region B,GTTACTGCCTTCTTAC,4?7?8?11?15/else,LNA/deoxy,0?2?11?12?13?14?15/else,LdLddddddddLLLLL,phosphorothioate,else,73.5
144,Region B,GTTACTGCCTTCTTAC,4?7?8?11?15/else,LNA/deoxy,0?2?11?12?13?15/else,LdLddddddddLLLdL,phosphorothioate,else,76
145,Region B,GTTACTGCCTTCTTAC,4?7?8?11?15/else,LNA/deoxy,0?2?11?12?14?15/else,LdLddddddddLLdLL,phosphorothioate,else,52.6
67,Region B,GTTACTGCCTTCTTAC,4?7?8?11?15/else,LNA/deoxy,0?2?11?12?15/else,LdLddddddddLLddL,phosphorothioate,else,71.9
146,Region B,GTTACTGCCTTCTTAC,4?7?8?11?15/else,LNA/deoxy,0?2?11?13?14?15/else,LdLddddddddLdLLL,phosphorothioate,else,72.1
68,Region B,GTTACTGCCTTCTTAC,4?7?8?11?15/else,LNA/deoxy,0?2?11?13?15/else,LdLddddddddLdLdL,phosphorothioate,else,73.2
69,Region B,GTTACTGCCTTCTTAC,4?7?8?11?15/else,LNA/deoxy,0?2?11?14?15/else,LdLddddddddLddLL,phosphorothioate,else,69.2
18,Region B,GTTACTGCCTTCTTAC,4?7?8?11?15/else,LNA/deoxy,0?2?11?15/else,LdLddddddddLdddL,phosphorothioate,else,63.3
147,Region B,GTTACTGCCTTCTTAC,4?7?8?11?15/else,LNA/deoxy,0?2?12?13?14?15/else,LdLdddddddddLLLL,phosphorothioate,else,70.3
70,Region B,GTTACTGCCTTCTTAC,4?7?8?11?15/else,LNA/deoxy,0?2?12?13?15/else,LdLdddddddddLLdL,phosphorothioate,else,74.3
71,Region B,GTTACTGCCTTCTTAC,4?7?8?11?15/else,LNA/deoxy,0?2?12?14?15/else,LdLdddddddddLdLL,phosphorothioate,else,67.4
19,Region B,GTTACTGCCTTCTTAC,4?7?8?11?15/else,LNA/deoxy,0?2?12?15/else,LdLdddddddddLddL,phosphorothioate,else,66.7
72,Region B,GTTACTGCCTTCTTAC,4?7?8?11?15/else,LNA/deoxy,0?2?13?14?15/else,LdLddddddddddLLL,phosphorothioate,else,68.1
20,Region B,GTTACTGCCTTCTTAC,4?7?8?11?15/else,LNA/deoxy,0?2?13?15/else,LdLddddddddddLdL,phosphorothioate,else,66.8
21,Region B,GTTACTGCCTTCTTAC,4?7?8?11?15/else,LNA/deoxy,0?2?14?15/else,LdLdddddddddddLL,phosphorothioate,else,71.2
2,Region B,GTTACTGCCTTCTTAC,4?7?8?11?15/else,LNA/deoxy,0?2?15/else,LdLddddddddddddL,phosphorothioate,else,70.2
244,Region B,GTTACTGCCTTCTTAC,4?7?8?11?15/else,LNA/deoxy,0?2?3?11?12?13?14?15/else,LdLLdddddddLLLLL,phosphorothioate,else,61.4
204,Region B,GTTACTGCCTTCTTAC,4?7?8?11?15/else,LNA/deoxy,0?2?3?11?12?13?15/else,LdLLdddddddLLLdL,phosphorothioate,else,62.8
205,Region B,GTTACTGCCTTCTTAC,4?7?8?11?15/else,LNA/deoxy,0?2?3?11?12?14?15/else,LdLLdddddddLLdLL,phosphorothioate,else,53.1
132,Region B,GTTACTGCCTTCTTAC,4?7?8?11?15/else,LNA/deoxy,0?2?3?11?12?15/else,LdLLdddddddLLddL,phosphorothioate,else,61.8
206,Region B,GTTACTGCCTTCTTAC,4?7?8?11?15/else,LNA/deoxy,0?2?3?11?13?14?15/else,LdLLdddddddLdLLL,phosphorothioate,else,60.6
133,Region B,GTTACTGCCTTCTTAC,4?7?8?11?15/else,LNA/deoxy,0?2?3?11?13?15/else,LdLLdddddddLdLdL,phosphorothioate,else,63.3
134,Region B,GTTACTGCCTTCTTAC,4?7?8?11?15/else,LNA/deoxy,0?2?3?11?14?15/else,LdLLdddddddLddLL,phosphorothioate,else,60.2
59,Region B,GTTACTGCCTTCTTAC,4?7?8?11?15/else,LNA/deoxy,0?2?3?11?15/else,LdLLdddddddLdddL,phosphorothioate,else,59.2
207,Region B,GTTACTGCCTTCTTAC,4?7?8?11?15/else,LNA/deoxy,0?2?3?12?13?14?15/else,LdLLddddddddLLLL,phosphorothioate,else,58.8
135,Region B,GTTACTGCCTTCTTAC,4?7?8?11?15/else,LNA/deoxy,0?2?3?12?13?15/else,LdLLddddddddLLdL,phosphorothioate,else,60.2
136,Region B,GTTACTGCCTTCTTAC,4?7?8?11?15/else,LNA/deoxy,0?2?3?12?14?15/else,LdLLddddddddLdLL,phosphorothioate,else,56.1
60,Region B,GTTACTGCCTTCTTAC,4?7?8?11?15/else,LNA/deoxy,0?2?3?12?15/else,LdLLddddddddLddL,phosphorothioate,else,64.1
137,Region B,GTTACTGCCTTCTTAC,4?7?8?11?15/else,LNA/deoxy,0?2?3?13?14?15/else,LdLLdddddddddLLL,phosphorothioate,else,57
61,Region B,GTTACTGCCTTCTTAC,4?7?8?11?15/else,LNA/deoxy,0?2?3?13?15/else,LdLLdddddddddLdL,phosphorothioate,else,76.8
62,Region B,GTTACTGCCTTCTTAC,4?7?8?11?15/else,LNA/deoxy,0?2?3?14?15/else,LdLLddddddddddLL,phosphorothioate,else,75.9
16,Region B,GTTACTGCCTTCTTAC,4?7?8?11?15/else,LNA/deoxy,0?2?3?15/else,LdLLdddddddddddL,phosphorothioate,else,74.7
254,Region B,GTTACTGCCTTCTTAC,4?7?8?11?15/else,LNA/deoxy,0?2?3?4?11?12?13?14?15/else,LdLLLddddddLLLLL,phosphorothioate,else,43.8
240,Region B,GTTACTGCCTTCTTAC,4?7?8?11?15/else,LNA/deoxy,0?2?3?4?11?12?13?15/else,LdLLLddddddLLLdL,phosphorothioate,else,47.3
241,Region B,GTTACTGCCTTCTTAC,4?7?8?11?15/else,LNA/deoxy,0?2?3?4?11?12?14?15/else,LdLLLddddddLLdLL,phosphorothioate,else,43.2
198,Region B,GTTACTGCCTTCTTAC,4?7?8?11?15/else,LNA/deoxy,0?2?3?4?11?12?15/else,LdLLLddddddLLddL,phosphorothioate,else,47.5
242,Region B,GTTACTGCCTTCTTAC,4?7?8?11?15/else,LNA/deoxy,0?2?3?4?11?13?14?15/else,LdLLLddddddLdLLL,phosphorothioate,else,46.7
199,Region B,GTTACTGCCTTCTTAC,4?7?8?11?15/else,LNA/deoxy,0?2?3?4?11?13?15/else,LdLLLddddddLdLdL,phosphorothioate,else,46
200,Region B,GTTACTGCCTTCTTAC,4?7?8?11?15/else,LNA/deoxy,0?2?3?4?11?14?15/else,LdLLLddddddLddLL,phosphorothioate,else,48.9
128,Region B,GTTACTGCCTTCTTAC,4?7?8?11?15/else,LNA/deoxy,0?2?3?4?11?15/else,LdLLLddddddLdddL,phosphorothioate,else,56.9
243,Region B,GTTACTGCCTTCTTAC,4?7?8?11?15/else,LNA/deoxy,0?2?3?4?12?13?14?15/else,LdLLLdddddddLLLL,phosphorothioate,else,57.8
201,Region B,GTTACTGCCTTCTTAC,4?7?8?11?15/else,LNA/deoxy,0?2?3?4?12?13?15/else,LdLLLdddddddLLdL,phosphorothioate,else,53.2
202,Region B,GTTACTGCCTTCTTAC,4?7?8?11?15/else,LNA/deoxy,0?2?3?4?12?14?15/else,LdLLLdddddddLdLL,phosphorothioate,else,57.7
129,Region B,GTTACTGCCTTCTTAC,4?7?8?11?15/else,LNA/deoxy,0?2?3?4?12?15/else,LdLLLdddddddLddL,phosphorothioate,else,62.8
203,Region B,GTTACTGCCTTCTTAC,4?7?8?11?15/else,LNA/deoxy,0?2?3?4?13?14?15/else,LdLLLddddddddLLL,phosphorothioate,else,59.6
130,Region B,GTTACTGCCTTCTTAC,4?7?8?11?15/else,LNA/deoxy,0?2?3?4?13?15/else,LdLLLddddddddLdL,phosphorothioate,else,74.3
131,Region B,GTTACTGCCTTCTTAC,4?7?8?11?15/else,LNA/deoxy,0?2?3?4?14?15/else,LdLLLdddddddddLL,phosphorothioate,else,67.7
58,Region B,GTTACTGCCTTCTTAC,4?7?8?11?15/else,LNA/deoxy,0?2?3?4?15/else,LdLLLddddddddddL,phosphorothioate,else,69
245,Region B,GTTACTGCCTTCTTAC,4?7?8?11?15/else,LNA/deoxy,0?2?4?11?12?13?14?15/else,LdLdLddddddLLLLL,phosphorothioate,else,41.5
208,Region B,GTTACTGCCTTCTTAC,4?7?8?11?15/else,LNA/deoxy,0?2?4?11?12?13?15/else,LdLdLddddddLLLdL,phosphorothioate,else,47.6
209,Region B,GTTACTGCCTTCTTAC,4?7?8?11?15/else,LNA/deoxy,0?2?4?11?12?14?15/else,LdLdLddddddLLdLL,phosphorothioate,else,33.2
138,Region B,GTTACTGCCTTCTTAC,4?7?8?11?15/else,LNA/deoxy,0?2?4?11?12?15/else,LdLdLddddddLLddL,phosphorothioate,else,46.9
210,Region B,GTTACTGCCTTCTTAC,4?7?8?11?15/else,LNA/deoxy,0?2?4?11?13?14?15/else,LdLdLddddddLdLLL,phosphorothioate,else,46.7
139,Region B,GTTACTGCCTTCTTAC,4?7?8?11?15/else,LNA/deoxy,0?2?4?11?13?15/else,LdLdLddddddLdLdL,phosphorothioate,else,51.4
140,Region B,GTTACTGCCTTCTTAC,4?7?8?11?15/else,LNA/deoxy,0?2?4?11?14?15/else,LdLdLddddddLddLL,phosphorothioate,else,54.4
63,Region B,GTTACTGCCTTCTTAC,4?7?8?11?15/else,LNA/deoxy,0?2?4?11?15/else,LdLdLddddddLdddL,phosphorothioate,else,52.5
211,Region B,GTTACTGCCTTCTTAC,4?7?8?11?15/else,LNA/deoxy,0?2?4?12?13?14?15/else,LdLdLdddddddLLLL,phosphorothioate,else,51.2
141,Region B,GTTACTGCCTTCTTAC,4?7?8?11?15/else,LNA/deoxy,0?2?4?12?13?15/else,LdLdLdddddddLLdL,phosphorothioate,else,55.1
142,Region B,GTTACTGCCTTCTTAC,4?7?8?11?15/else,LNA/deoxy,0?2?4?12?14?15/else,LdLdLdddddddLdLL,phosphorothioate,else,51.9
64,Region B,GTTACTGCCTTCTTAC,4?7?8?11?15/else,LNA/deoxy,0?2?4?12?15/else,LdLdLdddddddLddL,phosphorothioate,else,53.1
143,Region B,GTTACTGCCTTCTTAC,4?7?8?11?15/else,LNA/deoxy,0?2?4?13?14?15/else,LdLdLddddddddLLL,phosphorothioate,else,64.7
65,Region B,GTTACTGCCTTCTTAC,4?7?8?11?15/else,LNA/deoxy,0?2?4?13?15/else,LdLdLddddddddLdL,phosphorothioate,else,69.6
66,Region B,GTTACTGCCTTCTTAC,4?7?8?11?15/else,LNA/deoxy,0?2?4?14?15/else,LdLdLdddddddddLL,phosphorothioate,else,74.5
17,Region B,GTTACTGCCTTCTTAC,4?7?8?11?15/else,LNA/deoxy,0?2?4?15/else,LdLdLddddddddddL,phosphorothioate,else,73.7
217,Region B,GTTACTGCCTTCTTAC,4?7?8?11?15/else,LNA/deoxy,0?3?11?12?13?14?15/else,LddLdddddddLLLLL,phosphorothioate,else,64.9
154,Region B,GTTACTGCCTTCTTAC,4?7?8?11?15/else,LNA/deoxy,0?3?11?12?13?15/else,LddLdddddddLLLdL,phosphorothioate,else,56.5
155,Region B,GTTACTGCCTTCTTAC,4?7?8?11?15/else,LNA/deoxy,0?3?11?12?14?15/else,LddLdddddddLLdLL,phosphorothioate,else,64
77,Region B,GTTACTGCCTTCTTAC,4?7?8?11?15/else,LNA/deoxy,0?3?11?12?15/else,LddLdddddddLLddL,phosphorothioate,else,53.3
156,Region B,GTTACTGCCTTCTTAC,4?7?8?11?15/else,LNA/deoxy,0?3?11?13?14?15/else,LddLdddddddLdLLL,phosphorothioate,else,68
78,Region B,GTTACTGCCTTCTTAC,4?7?8?11?15/else,LNA/deoxy,0?3?11?13?15/else,LddLdddddddLdLdL,phosphorothioate,else,68.6
79,Region B,GTTACTGCCTTCTTAC,4?7?8?11?15/else,LNA/deoxy,0?3?11?14?15/else,LddLdddddddLddLL,phosphorothioate,else,62.7
23,Region B,GTTACTGCCTTCTTAC,4?7?8?11?15/else,LNA/deoxy,0?3?11?15/else,LddLdddddddLdddL,phosphorothioate,else,48.5
157,Region B,GTTACTGCCTTCTTAC,4?7?8?11?15/else,LNA/deoxy,0?3?12?13?14?15/else,LddLddddddddLLLL,phosphorothioate,else,72
80,Region B,GTTACTGCCTTCTTAC,4?7?8?11?15/else,LNA/deoxy,0?3?12?13?15/else,LddLddddddddLLdL,phosphorothioate,else,72.8
81,Region B,GTTACTGCCTTCTTAC,4?7?8?11?15/else,LNA/deoxy,0?3?12?14?15/else,LddLddddddddLdLL,phosphorothioate,else,68.2
24,Region B,GTTACTGCCTTCTTAC,4?7?8?11?15/else,LNA/deoxy,0?3?12?15/else,LddLddddddddLddL,phosphorothioate,else,65.4
82,Region B,GTTACTGCCTTCTTAC,4?7?8?11?15/else,LNA/deoxy,0?3?13?14?15/else,LddLdddddddddLLL,phosphorothioate,else,64.3
25,Region B,GTTACTGCCTTCTTAC,4?7?8?11?15/else,LNA/deoxy,0?3?13?15/else,LddLdddddddddLdL,phosphorothioate,else,71.3
26,Region B,GTTACTGCCTTCTTAC,4?7?8?11?15/else,LNA/deoxy,0?3?14?15/else,LddLddddddddddLL,phosphorothioate,else,66.9
3,Region B,GTTACTGCCTTCTTAC,4?7?8?11?15/else,LNA/deoxy,0?3?15/else,LddLdddddddddddL,phosphorothioate,else,58.6
246,Region B,GTTACTGCCTTCTTAC,4?7?8?11?15/else,LNA/deoxy,0?3?4?11?12?13?14?15/else,LddLLddddddLLLLL,phosphorothioate,else,57.2
213,Region B,GTTACTGCCTTCTTAC,4?7?8?11?15/else,LNA/deoxy,0?3?4?11?12?13?15/else,LddLLddddddLLLdL,phosphorothioate,else,57.4
214,Region B,GTTACTGCCTTCTTAC,4?7?8?11?15/else,LNA/deoxy,0?3?4?11?12?14?15/else,LddLLddddddLLdLL,phosphorothioate,else,49.2
148,Region B,GTTACTGCCTTCTTAC,4?7?8?11?15/else,LNA/deoxy,0?3?4?11?12?15/else,LddLLddddddLLddL,phosphorothioate,else,55.4
215,Region B,GTTACTGCCTTCTTAC,4?7?8?11?15/else,LNA/deoxy,0?3?4?11?13?14?15/else,LddLLddddddLdLLL,phosphorothioate,else,59.7
149,Region B,GTTACTGCCTTCTTAC,4?7?8?11?15/else,LNA/deoxy,0?3?4?11?13?15/else,LddLLddddddLdLdL,phosphorothioate,else,61
150,Region B,GTTACTGCCTTCTTAC,4?7?8?11?15/else,LNA/deoxy,0?3?4?11?14?15/else,LddLLddddddLddLL,phosphorothioate,else,61.3
73,Region B,GTTACTGCCTTCTTAC,4?7?8?11?15/else,LNA/deoxy,0?3?4?11?15/else,LddLLddddddLdddL,phosphorothioate,else,50.1
216,Region B,GTTACTGCCTTCTTAC,4?7?8?11?15/else,LNA/deoxy,0?3?4?12?13?14?15/else,LddLLdddddddLLLL,phosphorothioate,else,67.5
151,Region B,GTTACTGCCTTCTTAC,4?7?8?11?15/else,LNA/deoxy,0?3?4?12?13?15/else,LddLLdddddddLLdL,phosphorothioate,else,69.9
152,Region B,GTTACTGCCTTCTTAC,4?7?8?11?15/else,LNA/deoxy,0?3?4?12?14?15/else,LddLLdddddddLdLL,phosphorothioate,else,68.1
74,Region B,GTTACTGCCTTCTTAC,4?7?8?11?15/else,LNA/deoxy,0?3?4?12?15/else,LddLLdddddddLddL,phosphorothioate,else,68.3
153,Region B,GTTACTGCCTTCTTAC,4?7?8?11?15/else,LNA/deoxy,0?3?4?13?14?15/else,LddLLddddddddLLL,phosphorothioate,else,67.4
75,Region B,GTTACTGCCTTCTTAC,4?7?8?11?15/else,LNA/deoxy,0?3?4?13?15/else,LddLLddddddddLdL,phosphorothioate,else,68.5
76,Region B,GTTACTGCCTTCTTAC,4?7?8?11?15/else,LNA/deoxy,0?3?4?14?15/else,LddLLdddddddddLL,phosphorothioate,else,75
22,Region B,GTTACTGCCTTCTTAC,4?7?8?11?15/else,LNA/deoxy,0?3?4?15/else,LddLLddddddddddL,phosphorothioate,else,73.5
218,Region B,GTTACTGCCTTCTTAC,4?7?8?11?15/else,LNA/deoxy,0?4?11?12?13?14?15/else,LdddLddddddLLLLL,phosphorothioate,else,65.3
158,Region B,GTTACTGCCTTCTTAC,4?7?8?11?15/else,LNA/deoxy,0?4?11?12?13?15/else,LdddLddddddLLLdL,phosphorothioate,else,58.9
159,Region B,GTTACTGCCTTCTTAC,4?7?8?11?15/else,LNA/deoxy,0?4?11?12?14?15/else,LdddLddddddLLdLL,phosphorothioate,else,60.1
83,Region B,GTTACTGCCTTCTTAC,4?7?8?11?15/else,LNA/deoxy,0?4?11?12?15/else,LdddLddddddLLddL,phosphorothioate,else,49.7
160,Region B,GTTACTGCCTTCTTAC,4?7?8?11?15/else,LNA/deoxy,0?4?11?13?14?15/else,LdddLddddddLdLLL,phosphorothioate,else,60.2
84,Region B,GTTACTGCCTTCTTAC,4?7?8?11?15/else,LNA/deoxy,0?4?11?13?15/else,LdddLddddddLdLdL,phosphorothioate,else,63.9
85,Region B,GTTACTGCCTTCTTAC,4?7?8?11?15/else,LNA/deoxy,0?4?11?14?15/else,LdddLddddddLddLL,phosphorothioate,else,56.6
27,Region B,GTTACTGCCTTCTTAC,4?7?8?11?15/else,LNA/deoxy,0?4?11?15/else,LdddLddddddLdddL,phosphorothioate,else,50.7
161,Region B,GTTACTGCCTTCTTAC,4?7?8?11?15/else,LNA/deoxy,0?4?12?13?14?15/else,LdddLdddddddLLLL,phosphorothioate,else,68.6
86,Region B,GTTACTGCCTTCTTAC,4?7?8?11?15/else,LNA/deoxy,0?4?12?13?15/else,LdddLdddddddLLdL,phosphorothioate,else,71
87,Region B,GTTACTGCCTTCTTAC,4?7?8?11?15/else,LNA/deoxy,0?4?12?14?15/else,LdddLdddddddLdLL,phosphorothioate,else,64.5
28,Region B,GTTACTGCCTTCTTAC,4?7?8?11?15/else,LNA/deoxy,0?4?12?15/else,LdddLdddddddLddL,phosphorothioate,else,61.8
88,Region B,GTTACTGCCTTCTTAC,4?7?8?11?15/else,LNA/deoxy,0?4?13?14?15/else,LdddLddddddddLLL,phosphorothioate,else,56.3
29,Region B,GTTACTGCCTTCTTAC,4?7?8?11?15/else,LNA/deoxy,0?4?13?15/else,LdddLddddddddLdL,phosphorothioate,else,66.4
30,Region B,GTTACTGCCTTCTTAC,4?7?8?11?15/else,LNA/deoxy,0?4?14?15/else,LdddLdddddddddLL,phosphorothioate,else,59
4,Region B,GTTACTGCCTTCTTAC,4?7?8?11?15/else,LNA/deoxy,0?4?15/else,LdddLddddddddddL,phosphorothioate,else,62
