rank,ASO 5-3,binding_site
1,TTTTTTTTTTTTTTTTTGA,1789
2,ATCTTTTTTTTTTTTTTTT,1792
3,ATATATCTTTTTTTTTTTT,1796
4,TAATTTTTTGTATTTTTAG,1626
5,ATGCATTTTTATTTATTAT,1821
6,TTATGCATTTTTATTTATT,1478
7,ATTTTTATTTATTGAATGT,1472
8,AGAATATATCTTTTTTTTT,1799
9,ATTTTTATTTATTATGACA,1817
10,TTTTTTTTTTTTTTGAGAC,1786
11,TGCATTTTTATTTATTGAA,1475
12,TTTTTTGTATTTTTAGTAG,1623
13,ATCTTATGCATTTTTATTT,1826
14,ATCTTATGCATTTTTATTT,1481
15,ATTTATTGAATGTCATTTT,1466
16,ATATATCTTATGCATTTTT,1485
17,TTATATCTTATGCATTTTT,1830
18,AAAACTTCTAGTATAATTA,1422
19,TATAATTACACATAATTAC,1411
20,TTTATTTATTGAATGTCAT,1469
